time,leniency,linearity,line_distance,structures_used,level_length
0.14703130722045898,10.3,2.054076326284816,2.349056603773585,35,157
