id,leniency,linearity,line_distance
1,2.5,1.8869047619047619,1.625
10,1.5,1.5,1.5
11,0.5,1.5,1.5
12,5.5,3.673469387755102,4.285714285714286
13,6.5,3.9199999999999995,3.6
14,0.0,1.728395061728395,1.5555555555555556
15,2.5,1.25,1.25
2,2.5,1.5454545454545456,2.1666666666666665
3,1.5,0.7500000000000001,0.75
4,1.5,0.44897959183673436,3.2857142857142856
5,3.5,1.6326530612244898,1.7142857142857142
6,3.5,1.5,1.5
7,1.5,4.0,3.3333333333333335
8,2.5,1.5,1.5
9,1.5,1.487603305785124,2.0
