time,leniency,linearity,line_distance,structures_used,level_length
0.10302901268005371,8.5,1.9035401915868388,2.1020408163265305,34,159
